<?xml version="1.0" encoding="UTF-8" standalone="no"?>
<partidasJuego2>
    
  <partida>
        
    <tipo>X</tipo>
        
    <numerosCantados>[20, 41, 27, 15, 47, 17, 59, 58, 5, 33, 14, 16, 7, 19, 67, 72, 60, 73, 32, 12, 44, 35, 46, 26, 45, 34, 37, 48, 1, 54, 57, 50, 23, 66, 10, 70, 38, 18, 75, 55, 63, 4]</numerosCantados>
        
    <ganadores>[]</ganadores>
        
    <fecha>2023-10-22</fecha>
        
    <hora>16:27:56.023498500</hora>
      
  </partida>
  
  <partida>
    <tipo>X</tipo>
    <numerosCantados>[38, 55, 37, 59, 10, 31, 49, 34, 2, 64, 53, 4, 36, 22, 9, 30, 45, 5, 26, 25, 6, 3, 60, 29, 27, 50, 8, 15, 17, 46, 73, 75, 71, 21, 52, 74, 66, 47, 18, 35, 51, 33, 48, 43, 11, 62, 57, 23, 67, 39, 13, 69, 19, 12, 32, 40, 56, 68, 72, 61, 70, 58, 42, 65, 44, 20, 41, 54, 28, 24, 7, 63, 1, 14]</numerosCantados>
    <ganadores>[]</ganadores>
    <fecha>2023-10-22</fecha>
    <hora>16:36:58.357224700</hora>
  </partida>
</partidasJuego2>
